{
  "hash": "c82b939c",
  "configHash": "8c79b31b",
  "lockfileHash": "bc73f7bc",
  "browserHash": "988e89e6",
  "optimized": {
    "@angular/common": {
      "src": "../../../../../../node_modules/@angular/common/fesm2022/common.mjs",
      "file": "@angular_common.js",
      "fileHash": "36246e1e",
      "needsInterop": false
    },
    "@angular/common/http": {
      "src": "../../../../../../node_modules/@angular/common/fesm2022/http.mjs",
      "file": "@angular_common_http.js",
      "fileHash": "38c00bdf",
      "needsInterop": false
    },
    "@angular/core": {
      "src": "../../../../../../node_modules/@angular/core/fesm2022/core.mjs",
      "file": "@angular_core.js",
      "fileHash": "66d841d1",
      "needsInterop": false
    },
    "@angular/forms": {
      "src": "../../../../../../node_modules/@angular/forms/fesm2022/forms.mjs",
      "file": "@angular_forms.js",
      "fileHash": "271ad92f",
      "needsInterop": false
    },
    "@angular/platform-browser": {
      "src": "../../../../../../node_modules/@angular/platform-browser/fesm2022/platform-browser.mjs",
      "file": "@angular_platform-browser.js",
      "fileHash": "11040d5c",
      "needsInterop": false
    },
    "@angular/platform-browser/animations": {
      "src": "../../../../../../node_modules/@angular/platform-browser/fesm2022/animations.mjs",
      "file": "@angular_platform-browser_animations.js",
      "fileHash": "67f30552",
      "needsInterop": false
    },
    "@angular/router": {
      "src": "../../../../../../node_modules/@angular/router/fesm2022/router.mjs",
      "file": "@angular_router.js",
      "fileHash": "599a1f19",
      "needsInterop": false
    },
    "moment": {
      "src": "../../../../../../node_modules/moment/moment.js",
      "file": "moment.js",
      "fileHash": "16d5adc1",
      "needsInterop": true
    },
    "ngx-pagination": {
      "src": "../../../../../../node_modules/ngx-pagination/fesm2020/ngx-pagination.mjs",
      "file": "ngx-pagination.js",
      "fileHash": "46d2fe8a",
      "needsInterop": false
    },
    "ngx-toastr": {
      "src": "../../../../../../node_modules/ngx-toastr/fesm2022/ngx-toastr.mjs",
      "file": "ngx-toastr.js",
      "fileHash": "dea01d41",
      "needsInterop": false
    }
  },
  "chunks": {
    "chunk-DDCI4SFL": {
      "file": "chunk-DDCI4SFL.js"
    },
    "chunk-PM67YMUS": {
      "file": "chunk-PM67YMUS.js"
    },
    "chunk-ZGOLEW4Q": {
      "file": "chunk-ZGOLEW4Q.js"
    },
    "chunk-4NZOSCKQ": {
      "file": "chunk-4NZOSCKQ.js"
    },
    "chunk-JO3EAKA6": {
      "file": "chunk-JO3EAKA6.js"
    },
    "chunk-EIB7IA3J": {
      "file": "chunk-EIB7IA3J.js"
    }
  }
}